<?xml version="1.0" encoding="UTF-8"?>
<beans xmlns="http://www.springframework.org/schema/beans" xmlns:xsi="http://www.w3.org/2001/XMLSchema-instance"
	xmlns:tx="http://www.springframework.org/schema/tx"
	xmlns:aop="http://www.springframework.org/schema/aop"
	xsi:schemaLocation="http://www.springframework.org/schema/beans http://www.springframework.org/schema/beans/spring-beans-3.2.xsd
	http://www.springframework.org/schema/tx http://www.springframework.org/schema/tx/spring-tx-3.2.xsd
	http://www.springframework.org/schema/aop http://www.springframework.org/schema/aop/spring-aop-3.2.xsd">

	<bean id="txManager" class="org.springframework.jdbc.datasource.DataSourceTransactionManager">
		<property name="dataSource" ref="dataSource"/>
	</bean>

	<tx:advice id="txAdvice" transaction-manager="txManager">
		<tx:attributes>
			<tx:method name="get*" read-only="true" />
			<tx:method name="select*" read-only="true" />
			<tx:method name="insert*" propagation="REQUIRED" />
			<tx:method name="delete*" propagation="REQUIRED" />
			<tx:method name="update*" propagation="REQUIRED" />		
			<tx:method name="*Update" propagation="REQUIRED" />		
		</tx:attributes>
	</tx:advice>

	<aop:config>
		<!-- <aop:pointcut id="requiredTx" expression="execution(* sdsi_tss.fms..*Controller.*(..))"/> -->
		<!-- <aop:pointcut id="requiredTx" expression="execution(* sdsi_tss.fms.test..impl.*Impl.*(..))"/> -->
		<aop:pointcut id="requiredTx" expression="execution(* sdsi_tss.fms..impl.*Impl.*(..))"/>
		<aop:advisor advice-ref="txAdvice" pointcut-ref="requiredTx" />
	</aop:config>

</beans>
