<?xml version="1.0" encoding="UTF-8"?>
<beans xmlns="http://www.springframework.org/schema/beans" xmlns:xsi="http://www.w3.org/2001/XMLSchema-instance"
	xmlns:context="http://www.springframework.org/schema/context"	xmlns:util="http://www.springframework.org/schema/util"
	xsi:schemaLocation="http://www.springframework.org/schema/beans http://www.springframework.org/schema/beans/spring-beans-3.2.xsd
			http://www.springframework.org/schema/context http://www.springframework.org/schema/context/spring-context-3.2.xsd
			http://www.springframework.org/schema/util http://www.springframework.org/schema/util/spring-util-3.1.xsd">

    <context:component-scan base-package="sdsi_tss.fms">
		<context:include-filter type="annotation" expression="org.springframework.stereotype.Service"/>
		<context:include-filter type="annotation" expression="org.springframework.stereotype.Repository"/>
		<context:exclude-filter type="annotation" expression="org.springframework.stereotype.Controller"/>
    </context:component-scan>

   <!-- MULTIPART RESOLVERS -->
    <!-- regular spring resolver -->    
    <bean id="spring.RegularCommonsMultipartResolver" class="org.springframework.web.multipart.commons.CommonsMultipartResolver">
        <property name="maxUploadSize" value="100000000" />
        <property name="maxInMemorySize" value="100000000" />
    </bean>
    <!-- custom multi file resolver -->  
    <!--   
    <bean id="local.MultiCommonsMultipartResolver" class="egovframework.com.cmm.web.EgovMultipartResolver">
        <property name="maxUploadSize" value="100000000" />
        <property name="maxInMemorySize" value="100000000" />
    </bean>
     -->
    <!-- choose one from above and alias it to the name Spring expects -->
    <!-- alias name="local.MultiCommonsMultipartResolver" alias="multipartResolver" /-->
    <alias name="spring.RegularCommonsMultipartResolver" alias="multipartResolver" />
	
	<!-- 스프링에서 파일 다운로드할 클래스를 선언 -->
	<bean id="beannameview"
        class="org.springframework.web.servlet.view.BeanNameViewResolver">
	<property name="order">
		<value>0</value>
	</property>	
	</bean>
	<bean id="downloadview"  class="sdsi_tss.fms.service.DownloadView"/>

	<util:properties id="configProp" location="classpath:prop/config.properties" />

</beans>
