<?xml version="1.0" encoding="UTF-8"?>
<beans xmlns="http://www.springframework.org/schema/beans" xmlns:xsi="http://www.w3.org/2001/XMLSchema-instance"
	xmlns:jdbc="http://www.springframework.org/schema/jdbc"
	xsi:schemaLocation="http://www.springframework.org/schema/beans http://www.springframework.org/schema/beans/spring-beans-3.2.xsd
						http://www.springframework.org/schema/jdbc  http://www.springframework.org/schema/jdbc/spring-jdbc-3.2.xsd">
	
	<!-- TestDB -->
	<bean id="dataSourceSpied" class="org.springframework.jdbc.datasource.DriverManagerDataSource">
		<property name="driverClassName" value="oracle.jdbc.driver.OracleDriver" />
		<property name="url" value="jdbc:oracle:thin:@192.168.172.50:1522:CMSDB1" /> 
 		<property name="username" value="wizcms" /> 
  		<property name="password" value="wiz_cms" /> 
	</bean>

	<!-- RealDB -->
<!-- 	<bean id="dataSourceSpied" class="org.springframework.jdbc.datasource.DriverManagerDataSource"> -->
<!-- 		<property name="driverClassName" value="oracle.jdbc.driver.OracleDriver" /> -->
<!-- 		<property name="url" value="jdbc:oracle:thin:@192.168.180.51:1521:CMSDB1" /> -->
<!--  		<property name="username" value="wizcms" />  -->
<!--   		<property name="password" value="wiz_cms" />  -->
<!-- 	</bean> -->
	
    <bean id="dataSource" class="net.sf.log4jdbc.Log4jdbcProxyDataSource">
		<constructor-arg ref="dataSourceSpied" />
		<property name="logFormatter">
            <bean class="net.sf.log4jdbc.tools.Log4JdbcCustomFormatter">
                <property name="loggingType" value="MULTI_LINE" />
            </bean>
		</property>
	</bean>

	<!-- RealDB -->
<!-- 	<bean id="dataSource" class="org.apache.commons.dbcp.BasicDataSource" destroy-method="close"> -->
<!-- 		<property name="driverClassName" value="oracle.jdbc.driver.OracleDriver"/> -->
<!-- 		<property name="url" value="jdbc:oracle:thin:@192.168.180.51:1521:CMSDB1" /> -->
<!-- 		<property name="username" value="sdsi_usr"/> -->
<!-- 		<property name="password" value="sdsi_pwd"/> -->
<!-- 	</bean>  -->

</beans>