<?xml version="1.0" encoding="UTF-8"?>
<!-- configuration file for LogBack (slf4J implementation)
See here for more details: http://gordondickens.com/wordpress/2013/03/27/sawing-through-the-java-loggers/ -->
<configuration scan="true" scanPeriod="30 seconds">

	<!-- <contextListener class="ch.qos.logback.classic.jul.LevelChangePropagator"> -->
	<!-- <resetJUL>true</resetJUL> -->
	<!-- </contextListener> -->

	<!-- To enable JMX Management -->
	<jmxConfigurator />

	<appender name="console" class="ch.qos.logback.core.ConsoleAppender">
		<encoder>
			<pattern>[%-5level] [%logger{0}] - %replace(%msg){'\n\n', '\n\n\n\n'}%n</pattern>
		</encoder>
	</appender>

	<appender name="sift" class="ch.qos.logback.classic.sift.SiftingAppender">
		<discriminator>
			<key>userId</key>
			<defaultValue>UNKNOWN</defaultValue>
		</discriminator>

		<sift>
			<appender name="file" class="ch.qos.logback.core.rolling.RollingFileAppender">
				<encoder class="ch.qos.logback.classic.encoder.PatternLayoutEncoder">
					<file>/nas_cms/support/log/%d{yyyyMMdd}/${userId}.log</file>
					<pattern>
						[%-5level] [%d{yyyy-MM-dd HH:mm:ss}] [%logger{0}] - %replace(%msg){'\n\n', '\n\n\n\n'}%n
					</pattern>
				</encoder>
				
				<rollingPolicy class="ch.qos.logback.core.rolling.TimeBasedRollingPolicy">
					<fileNamePattern>/nas_cms/support/log/%d{yyyyMMdd}/${userId}.log</fileNamePattern>
				</rollingPolicy>
			</appender>
		</sift>
	</appender>

    <logger name="jdbc.connection" additivity="false">
        <level value="off" />
    </logger>
 
    <logger name="jdbc.audit" additivity="false">
        <level value="off" />
    </logger>
 
    <logger name="jdbc.sqlonly" additivity="false">
        <level value="debug" />
        <appender-ref ref="console" />
        <appender-ref ref="sift" />
    </logger>
 
    <logger name="jdbc.sqltiming" additivity="false">
        <level value="off" />
    </logger>
 
    <logger name="jdbc.resultset" additivity="false">
        <level value="error" />
    </logger>
     
    <logger name="jdbc.resultsettable" additivity="false">
        <level value="off" />
    </logger>

	<root level="info">
		<appender-ref ref="sift" />
		<appender-ref ref="console" />
	</root>
	
</configuration>