<?xml version="1.0" encoding="UTF-8"?>
<!DOCTYPE configuration PUBLIC "-//mybatis.org//DTD Config 3.0//EN" "http://mybatis.org/dtd/mybatis-3-config.dtd">

<configuration>
	<settings>
		<setting name="jdbcTypeForNull" value="VARCHAR"/>
	</settings>
    <typeAliases>
		<typeAlias alias="NoticeVO" type="sdsi_tss.fms.service.NoticeVO"/>
		<typeAlias alias="ErrorcodeVO" type="sdsi_tss.fms.service.ErrorcodeVO"/>
		<typeAlias alias="LoginVO" type="sdsi_tss.fms.service.CustUserVO"/>
		<typeAlias alias="MobileConfirmVO"  type="sdsi_tss.fms.service.MobileConfirmVO"/>
		<typeAlias alias="MobileConfirmSmsVO"  type="sdsi_tss.fms.service.MobileConfirmSmsVO"/>
		<typeAlias alias="DownloadVO"  type="sdsi_tss.fms.service.DownloadVO"/>
    </typeAliases>
</configuration>