<?xml version="1.0" encoding="UTF-8"?>
<!DOCTYPE mapper PUBLIC "-//mybatis.org//DTD Mapper 3.0//EN" "http://mybatis.org/dtd/mybatis-3-mapper.dtd">

<mapper namespace="sdsi_tss.fms.mapper.DownloadMapper">

<resultMap id="downloadMap" type="sdsi_tss.fms.service.DownloadVO" />
<resultMap id="loginMap" type="sdsi_tss.fms.service.CustUserVO" />

<select id="downloadCount" parameterType="DownloadVO" resultMap="downloadMap">
    SELECT DOWNLOAD_CNT, VERSION
    FROM WIZCMS.SDSI_DOWNLOAD_INFO
    WHERE USER_ID = #{user_id}
        AND OS_KUBUN = #{os_kubun}
        AND SERVICE_KUBUN = #{service_kubun} 
        AND DOWNLOAD_KUBUN = #{download_kubun}
</select>

<select id="selectverinfo" parameterType="DownloadVO" resultMap="downloadMap">
    SELECT MAJOR_VER, MINOR_VER, MAJOR_VER||'.'||MiNOR_VER LAST_VERSION, AGENT_PKG_NAME
    FROM WIZCMS.FMS_AGENT_VER_INFO_TBL
    WHERE JOB_NAME = #{job_name}
        AND JOB_TYPE = #{job_type}
        AND FILE_TYPE = #{file_type}
        AND LAST_VERSION = 'Y'
</select>

<update id="downloadUpdate" parameterType="DownloadVO">
    UPDATE SDSI_DOWNLOAD_INFO 
    SET
        DOWNLOAD_CNT = NVL(DOWNLOAD_CNT,0) + 1,
        UPDATE_DT = SYSDATE
    WHERE USER_ID = #{user_id}
        AND OS_KUBUN = #{os_kubun}
        AND SERVICE_KUBUN = #{service_kubun}
        AND DOWNLOAD_KUBUN = #{download_kubun}
</update>

<update id="downloadverUpdate" parameterType="DownloadVO">
    UPDATE SDSI_DOWNLOAD_INFO 
    SET
        DOWNLOAD_CNT = 1,
        VERSION = #{last_version},
        UPDATE_DT = SYSDATE
    WHERE USER_ID = #{user_id}
        AND OS_KUBUN = #{os_kubun}
        AND SERVICE_KUBUN = #{service_kubun}
        AND DOWNLOAD_KUBUN = #{download_kubun}
</update>

<update id="distributeverUpdate" parameterType="DownloadVO">
    UPDATE FMS_AGENT_DISTRIBUTE_TBL
    SET 
        MAJOR_VER = #{major_ver},
        MINOR_VER = #{minor_ver},
        DISTRIBUTE_DATE = TO_CHAR(SYSDATE, 'YYYYMMDD'),
        UPDATE_DT = SYSDATE
    WHERE CUST_ID = #{user_id}
        AND AGENT_PKG_NAME = #{agent_pkg_name}
</update>

<insert id="downloadInsert" parameterType="DownloadVO">
    INSERT INTO SDSI_DOWNLOAD_INFO (
        USER_ID, USER_CELL, SERVICE_KUBUN, OS_KUBUN, DOWNLOAD_KUBUN, FILE_NAME, DOWNLOAD_CNT, INSERT_DT, VERSION
    ) VALUES (
        #{user_id}, #{user_cell}, #{service_kubun}, #{os_kubun}, #{download_kubun}, #{file_name}, 1, SYSDATE, #{last_version}
    )
</insert>

<insert id="distributeInsert" parameterType="DownloadVO">
    INSERT INTO FMS_AGENT_DISTRIBUTE_TBL (
        CUST_ID, CUST_NAME, AGENT_PKG_NAME, MAJOR_VER, MINOR_VER, DISTRIBUTE_DATE, INSERT_DT
    ) VALUES (
        #{user_id}, #{user_name}, #{agent_pkg_name}, #{major_ver}, #{minor_ver}, TO_CHAR(SYSDATE, 'YYYYMMDD'), SYSDATE
    )
</insert>

<select id="selectserviceflag" parameterType="sdsi_tss.fms.service.CustUserVO" resultMap="loginMap">
    SELECT 'BCMS' SERVICE_TYPE, NVL(SERVICE_FLAG,'N') SERVICE_FLAG
    FROM WIZCMS.NHCMS_CUST WHERE CUST_ID = #{cust_id}
    UNION ALL
    SELECT 'RCMS' SERVICE_TYPE , NVL(SERVICE_FLAG,'N') SERVICE_FLAG
    FROM WIZCMS.REALCMS_CUST WHERE CUST_ID = #{cust_id}
    UNION ALL
    SELECT 'RCMSRW' SERVICE_TYPE , NVL(SERVICE_FLAG,'N') SERVICE_FLAG
    FROM WIZCMS.REALCMS_CUST WHERE CUST_ID = #{cust_id}
    UNION ALL
    SELECT 'VIRTUAL' SERVICE_TYPE, NVL(SERVICE_FLAG,'N') SERVICE_FLAG
    FROM WIZCMS.VIRTUAL_CUST WHERE CUST_ID = #{cust_id}
    UNION ALL
    SELECT 'HP' SERVICE_TYPE, NVL(SERVICE_FLAG,'N') SERVICE_FLAG
    FROM WIZCMS.HP_CUST WHERE CUST_ID = #{cust_id}
    UNION ALL
    SELECT 'ARS' SERVICE_TYPE, NVL(SERVICE_FLAG,'N') SERVICE_FLAG
    FROM WIZCMS.ARS_CUST WHERE CUST_ID = #{cust_id}
    UNION ALL
    SELECT 'CARD' SERVICE_TYPE, NVL(SERVICE_FLAG,'N') SERVICE_FLAG
    FROM WIZCMS.CARD_CUST WHERE CUST_ID = #{cust_id}
    UNION ALL
    SELECT 'CARDAuth' SERVICE_TYPE, NVL(SERVICE_FLAG,'N') SERVICE_FLAG
    FROM WIZCMS.CARD_CUST WHERE CUST_ID = #{cust_id}
    UNION ALL
    SELECT 'TAX' SERVICE_TYPE, NVL(RECEIPT_USE_FLAG, 'N') SERVICE_FLAG
    FROM WIZCMS.CUST_MAIN WHERE CUST_ID = #{cust_id} AND TAX_STATUS = '0004'
    UNION ALL
    SELECT 'AUTH' SERVICE_TYPE, NVL(SERVICE_YN, 'N') SERVICE_FLAG
    FROM WIZCMS.CUST_AUTH_CONFIG WHERE CUST_ID = #{cust_id}
</select>

<!--  
<select id="getCustUserServiceTypeBCMS" parameterType="sdsi_tss.fms.service.CustUserVO" resultMap="loginMap">
 SELECT 'BCMS' SERVICE_TYPE, NVL(SERVICE_FLAG,'N') SERVICE_FLAG 
  FROM NHCMS_CUST 
   WHERE CUST_ID=#{cust_id} 
</select>

<select id="getCustUserServiceTypeRCMS" parameterType="sdsi_tss.fms.service.CustUserVO" resultMap="loginMap">
 SELECT 'RCMS' SERVICE_TYPE , NVL(SERVICE_FLAG,'N') SERVICE_FLAG 
  FROM REALCMS_CUST 
   WHERE CUST_ID=#{cust_id}
</select>

<select id="getCustUserServiceTypeVIRTUAL" parameterType="sdsi_tss.fms.service.CustUserVO" resultMap="loginMap">
 SELECT 'VIRTUAL' SERVICE_TYPE, NVL(SERVICE_FLAG,'N') SERVICE_FLAG 
  FROM VIRTUAL_CUST 
   WHERE CUST_ID=#{cust_id} 
</select>

<select id="getCustUserServiceTypeHP" parameterType="sdsi_tss.fms.service.CustUserVO" resultMap="loginMap">
 SELECT 'HP' SERVICE_TYPE, NVL(SERVICE_FLAG,'N') SERVICE_FLAG 
  FROM HP_CUST 
   WHERE CUST_ID=#{cust_id} 
</select>

<select id="getCustUserServiceTypeARS" parameterType="sdsi_tss.fms.service.CustUserVO" resultMap="loginMap">
 SELECT 'ARS' SERVICE_TYPE, NVL(SERVICE_FLAG,'N') SERVICE_FLAG 
  FROM ARS_CUST 
   WHERE CUST_ID=#{cust_id} 
</select>
<select id="getCustUserServiceTypeCARD" parameterType="sdsi_tss.fms.service.CustUserVO" resultMap="loginMap">
 SELECT 'CARD' SERVICE_TYPE, NVL(SERVICE_FLAG,'N') SERVICE_FLAG 
  FROM CARD_CUST 
    WHERE CUST_ID=#{cust_id} 
</select>
<select id="getCustUserServiceTypeTAX" parameterType="sdsi_tss.fms.service.CustUserVO" resultMap="loginMap">
 SELECT 'TAX' SERVICE_TYPE, NVL(RECEIPT_USE_FLAG, 'N') SERVICE_FLAG 
  FROM CUST_MAIN 
    WHERE CUST_ID=#{cust_id} AND TAX_STATUS='0004' 
</select>
<select id="getCustUserServiceTypeAUTH" parameterType="sdsi_tss.fms.service.CustUserVO" resultMap="loginMap">
 SELECT 'AUTH' SERVICE_TYPE, NVL(SERVICE_FLAG, 'N') SERVICE_FLAG 
  FROM CUST_AUTH_CONFIG 
    WHERE CUST_ID=#{cust_id}
</select>
-->

</mapper>