<?xml version="1.0" encoding="UTF-8"?>
<!DOCTYPE mapper PUBLIC "-//mybatis.org//DTD Mapper 3.0//EN" "http://mybatis.org/dtd/mybatis-3-mapper.dtd">
<mapper namespace="sdsi_tss.fms.mapper.ErrorcodeMapper">
	<resultMap id="errorcodeMap" type="sdsi_tss.fms.service.ErrorcodeVO" />

	<!-- 처음 에러코드조회를 눌렀을때 전체 에러코드의 게시글이 나오게 하고 싶을떄 쓰는 코드
	<select id="getCount" parameterType="ErrorcodeVO" resultType="Integer">	
	
		 SELECT  COUNT(*) FROM (SELECT DISTINCT SERVICE_CD, NH_ERR_CD, DECODE(RSV, null, ERR_MSG1, RSV) ERR_MSG1, ORIGIN_MSG, RSV 
		 					FROM COMM_ERROR		 
		 					WHERE SERVICE_CD NOT IN('01', '05', '06', '07')) 
	</select>
	
	<select id="getAllErrorList" parameterType="ErrorcodeVO" resultMap="errorcodeMap">
	
		 SELECT * 
       	 FROM ( SELECT ROWNUM  AS RNUM , A.*
      		    FROM ( SELECT DISTINCT SERVICE_CD, NH_ERR_CD, DECODE(RSV, null, ERR_MSG1, RSV) ERR_MSG1, ORIGIN_MSG, RSV
         		FROM COMM_ERROR 
         		WHERE SERVICE_CD NOT IN('01', '05', '06', '07') 
         		ORDER BY SERVICE_CD ASC, NH_ERR_CD ASC, ERR_MSG1 ASC)A)         
	   <![CDATA[WHERE  RNUM>#{startRow} and RNUM<=#{endRow}]]>
		  
	</select>	
	 -->
	 
	<!-- 검색한 결과에 맞는 총 게시글의 수 / 전에소스
	<select id="getSelectCount" parameterType="ErrorcodeVO" resultType="Integer">	
	
		 SELECT  COUNT(*) FROM (SELECT DISTINCT SERVICE_CD, NH_ERR_CD, DECODE(RSV, null, ERR_MSG1, RSV) ERR_MSG1, ORIGIN_MSG, RSV
		 FROM COMM_ERROR		 
		 <if test="sel_service_name != ''">
			WHERE SERVICE_CD=#{sel_service_name}
		</if>
		
		<if test="sel_service_name == ''">
			WHERE SERVICE_CD NOT IN('01', '05', '06', '07')
		</if>
		<if test="txt_error_code != null and txt_error_code != ''">
		    <choose>
		        <when test='sel_error_code == "nh_err_cd"'>
					AND	NH_ERR_CD=#{txt_error_code}
				</when>
			    <when test='sel_error_code == "err_msg1"'>
					AND	ERR_MSG1 LIKE '%' || #{txt_error_code} || '%'
				</when>
			</choose>
		</if>	
		)
	</select>
	-->
	
	<!-- 검색한 결과에 맞는 게시글조건 / 전에소스 
	<select id="getSelectErrorlist" parameterType="ErrorcodeVO" resultMap="errorcodeMap">

		 SELECT * 
       	 FROM ( SELECT ROWNUM  AS RNUM , A.*
      		    FROM ( SELECT DISTINCT SERVICE_CD, NH_ERR_CD, DECODE(RSV, null, ERR_MSG1, RSV) ERR_MSG1, ORIGIN_MSG, RSV
         		FROM COMM_ERROR 
         		<if test="sel_service_name != ''">
					WHERE SERVICE_CD=#{sel_service_name}
				</if>
		
				<if test="sel_service_name == ''">
					WHERE SERVICE_CD NOT IN('01', '05', '06', '07')
				</if>
				
				<if test="txt_error_code != null and txt_error_code != ''">
			        <choose>
			            <when test='sel_error_code == "nh_err_cd"'>
							AND	NH_ERR_CD=#{txt_error_code}
						</when>
			            <when test='sel_error_code == "err_msg1"'>
							AND	ERR_MSG1 LIKE '%' || #{txt_error_code} || '%'
						</when>
					</choose>
				</if>	
         		ORDER BY SERVICE_CD ASC, NH_ERR_CD ASC, ERR_MSG1 ASC)A)         
	   <![CDATA[WHERE  RNUM>#{startRow} and RNUM<=#{endRow}]]>
	   
	</select>
	-->
	
<!-- 검색한 결과에 맞는 총 게시글의 수 // 바뀐소스-->
<select id="getSelectCount__" parameterType="ErrorcodeVO" resultType="Integer">
    SELECT COUNT(*) FROM (
        SELECT DISTINCT (
            CASE T1.SERVICE_CD WHEN '01' THEN '배치CMS'
                WHEN '07' THEN '실시간CMS '
                WHEN '06' THEN '휴대전화'
                WHEN '05' THEN 'ARS'
                WHEN '08' THEN '신용카드'
                WHEN 'AP' THEN '휴대전화'
                WHEN 'CN' THEN '휴대전화'
                WHEN 'CO' THEN '휴대전화'
                WHEN 'PA' THEN '휴대전화'
                ELSE '기타' END 
            ) SERVICE_CD,
            T1.nh_err_Cd , DECODE(T1.NOTE, null, T1.ERR_MSG1,T1.NOTE) ERR_MSG1, T1.ORIGIN_MSG, T1.NOTE
        FROM (
            SELECT DISTINCT SERVICE_CD,NH_ERR_CD,ERR_MSG1,ORIGIN_MSG, NOTE 
            FROM WIZCMS.COMM_ERROR 
            WHERE 1=1
            <if test="sel_service_name != ''">
                AND SERVICE_CD=#{sel_service_name}
            </if>
            <if test="txt_error_code != null and txt_error_code != ''">
            <choose>
                <when test='sel_error_code == "nh_err_cd"'>
                    AND NH_ERR_CD=#{txt_error_code}
                </when>
                <when test='sel_error_code == "err_msg1"'>
                    AND ERR_MSG1 LIKE '%' || #{txt_error_code} || '%'
                </when>
            </choose>
            </if>
            ORDER BY SERVICE_CD ASC, NH_ERR_CD ASC, ERR_MSG1 ASC 
        ) T1
    )
</select>		

<!-- 검색한 결과에 맞는 게시글조건 // 바뀐소스-->
<select id="getSelectErrorlist__" parameterType="ErrorcodeVO" resultMap="errorcodeMap">
    SELECT * FROM (
        SELECT ROWNUM  AS RNUM , A.* FROM (
            SELECT DISTINCT 
                ( CASE T1.SERVICE_CD WHEN '01' THEN '배치CMS' 
                    WHEN '07' THEN '실시간CMS' 
                    WHEN '06' THEN '휴대전화' 
                    WHEN '05' THEN 'ARS' 
                    WHEN '08' THEN '신용카드' 
                    WHEN 'AP' THEN '휴대전화' 
                    WHEN 'CN' THEN '휴대전화' 
                    WHEN 'CO' THEN '휴대전화' 
                    WHEN 'PA' THEN '휴대전화' 
                    ELSE '기타' END 
                ) SERVICE_CD,       		                                     
                ( CASE T1.SERVICE_CD WHEN '01' THEN '01' 
                    WHEN '07' THEN '02' 
                    WHEN '06' THEN '03'
                    WHEN 'AP' THEN '03'
                    WHEN 'CN' THEN '03'
                    WHEN 'CO' THEN '03'
                    WHEN 'PA' THEN '03' 
                    WHEN '05' THEN '05' 
                    WHEN '08' THEN '04' 
                    ELSE '99' END
                ) ORDERBY_KBN,       		                                     
                T1.nh_err_Cd , DECODE(T1.NOTE, null, T1.ERR_MSG1,T1.NOTE) ERR_MSG1, T1.ORIGIN_MSG, T1.NOTE 
            FROM (
                SELECT DISTINCT SERVICE_CD, NH_ERR_CD, ERR_MSG1, ORIGIN_MSG, NOTE 
                FROM WIZCMS.COMM_ERROR 
                WHERE 1=1
                <if test="sel_service_name != ''">
                    AND SERVICE_CD=#{sel_service_name}
                </if>
                <if test="txt_error_code != null and txt_error_code != ''">
                <choose>
                    <when test='sel_error_code == "nh_err_cd"'>
                        AND	NH_ERR_CD=#{txt_error_code}
                    </when>
                    <when test='sel_error_code == "err_msg1"'>
                        AND	ERR_MSG1 LIKE '%' || #{txt_error_code} || '%'
                    </when>
                </choose>
                </if>
                ORDER BY SERVICE_CD ASC, NH_ERR_CD ASC, ERR_MSG1 ASC 
            ) T1 
            ORDER BY ORDERBY_KBN,NH_ERR_CD ASC, ERR_MSG1 ASC
        ) A 
    )
    <![CDATA[WHERE  RNUM>#{startRow} and RNUM<=#{endRow}]]>	   
</select>

<!-- 검색한 결과에 맞는 총 게시글의 수 // 바뀐소스-->
<select id="getSelectCount" parameterType="ErrorcodeVO" resultType="Integer">	
    SELECT  COUNT(*) 
    FROM (
        <include refid="getErrorCodeData"/>
    )
</select>

<select id="getSelectErrorlist" parameterType="ErrorcodeVO" resultMap="errorcodeMap">
    SELECT * 
    FROM ( 
        SELECT ROWNUM  AS RNUM , A.*
        FROM ( <include refid="getErrorCodeData"/> ) A
        ORDER BY ORDERBY_KBN ASC,NH_ERR_CD ASC, ERR_MSG1 ASC 
    )
    <![CDATA[WHERE  RNUM>#{startRow} and RNUM<=#{endRow}]]>
</select>

<sql id="getErrorCodeData" >
    SELECT 
        ( CASE a.SERVICE_CD 
            WHEN '01' THEN '01' 
            WHEN '07' THEN '02' 
            WHEN '06' THEN '03'
            WHEN 'AP' THEN '03'
            WHEN 'CN' THEN '03'
            WHEN 'CO' THEN '03'
            WHEN 'PA' THEN '03' 
            WHEN '08' THEN '04'
            WHEN '05' THEN '05'
            ELSE '99' END
        ) ORDERBY_KBN,		          
        ( CASE a.SERVICE_CD 
            WHEN '01' THEN '배치CMS' 
            WHEN '07' THEN '실시간CMS' 
            WHEN '06' THEN '휴대전화' 
            WHEN '05' THEN 'ARS' 
            WHEN '08' THEN '신용카드' 
            WHEN 'AP' THEN '휴대전화' 
            WHEN 'CN' THEN '휴대전화' 
            WHEN 'CO' THEN '휴대전화' 
            WHEN 'PA' THEN '휴대전화' 
            ELSE '기타' END
        ) SERVICE_CD,
        a.NH_ERR_CD, a.ERR_MSG1, b.note as RSV,
        ( CASE WHEN length(b.note) > 0 THEN  
                ( SELECT RTRIM(ORIGIN_MSG) FROM WIZCMS.COMM_ERROR 
                WHERE b.SERVICE_CD = RTRIM(SERVICE_CD) 
                    AND b.NH_ERR_CD = RTRIM(NH_ERR_CD) AND b.ERR_MSG1 = RTRIM(ERR_MSG1) 
                    AND b.note = RTRIM(note) AND ROWNUM = 1 )
            ELSE 
                ( SELECT RTRIM(ORIGIN_MSG) FROM WIZCMS.COMM_ERROR 
                WHERE a.SERVICE_CD = RTRIM(SERVICE_CD) 
                    AND a.NH_ERR_CD = RTRIM(NH_ERR_CD) AND a.ERR_MSG1 = RTRIM(ERR_MSG1) 
                    AND ROWNUM = 1 )
            END
        ) ORIGIN_MSG
    FROM (
        SELECT RTRIM(SERVICE_CD) SERVICE_CD, RTRIM(NH_ERR_CD) NH_ERR_CD, RTRIM(ERR_MSG1) ERR_MSG1
        FROM WIZCMS.COMM_ERROR 
        WHERE 1=1
        GROUP BY RTRIM(SERVICE_CD), RTRIM(NH_ERR_CD), RTRIM(ERR_MSG1)
    ) a, 
    ( SELECT RTRIM(SERVICE_CD) SERVICE_CD, RTRIM(NH_ERR_CD) NH_ERR_CD,
        RTRIM(ERR_MSG1) ERR_MSG1, RTRIM(note) NOTE
     FROM WIZCMS.COMM_ERROR 
     WHERE 1=1 
     GROUP BY RTRIM(SERVICE_CD),RTRIM(NH_ERR_CD),RTRIM(ERR_MSG1),RTRIM(NOTE) 
     HAVING LENGTH(RTRIM(NOTE)) > 0 
    ) b
    WHERE a.SERVICE_CD = b.SERVICE_CD (+)
        AND a.NH_ERR_CD = b.NH_ERR_CD (+)
        AND a.ERR_MSG1 = b.ERR_MSG1 (+)
    <if test="sel_service_name != ''">
        AND a.SERVICE_CD=#{sel_service_name}
    </if>
    <if test="txt_error_code != null and txt_error_code != ''">
    <choose>
        <when test='sel_error_code == "nh_err_cd"'>
            AND a.NH_ERR_CD=#{txt_error_code}
        </when>
        <when test='sel_error_code == "err_msg1"'>
            AND a.ERR_MSG1 LIKE '%' || #{txt_error_code} || '%'
        </when>
    </choose>
    </if>
    ORDER BY ORDERBY_KBN, SERVICE_CD, NH_ERR_CD, ERR_MSG1, RSV 
</sql>
	
</mapper>