<?xml version="1.0" encoding="UTF-8"?>
<!DOCTYPE mapper PUBLIC "-//mybatis.org//DTD Mapper 3.0//EN" "http://mybatis.org/dtd/mybatis-3-mapper.dtd">
<mapper namespace="sdsi_tss.fms.mapper.MobileConfirmMapper">
	
<select id="getSdsiAuthLogInfo" parameterType="MobileConfirmVO" resultType="MobileConfirmVO">
    SELECT * FROM  (
        SELECT AUTH_ID, AUTH_TEL, AUTH_TOKEN, AUTH_TOKEN_STATUS,
            TO_CHAR(AUTH_TOKEN_CREATE_TIME,'yyyy-MM-dd hh24:mi:ss') as AUTH_TOKEN_CREATE_TIME 
        FROM WIZCMS.SDSI_AUTH_LOG_INFO
        WHERE AUTH_ID = #{auth_id}
            AND AUTH_TEL = #{auth_tel}
            AND AUTH_TOKEN = #{auth_token}
        ORDER BY AUTH_TOKEN_CREATE_TIME DESC
    ) WHERE ROWNUM = 1     	
</select>

<insert id="insertSdsiAuthLogInfo" parameterType="MobileConfirmVO" >
    INSERT INTO SDSI_AUTH_LOG_INFO (
        AUTH_ID, AUTH_TEL, AUTH_TOKEN, AUTH_TOKEN_STATUS, AUTH_TOKEN_CREATE_TIME , INSERT_DT
    ) VALUES ( 
        #{auth_id}, #{auth_tel}, #{auth_token}, #{auth_token_status}, TO_DATE( #{auth_create_time}, 'yyyy-MM-dd hh24:mi:ss'), SYSDATE
	)	    
</insert>

<update id="updateSdsiAuthLogInfoStatus" parameterType="MobileConfirmVO" >
    UPDATE SDSI_AUTH_LOG_INFO 
    SET
        AUTH_TOKEN_STATUS = #{auth_token_status},
        UPDATE_DT = SYSDATE
    WHERE AUTH_ID = #{auth_id}
        AND AUTH_TEL = #{auth_tel}
        AND AUTH_TOKEN_STATUS = '0001'
</update>

<update id="updateSdsiAuthLogInfo" parameterType="MobileConfirmVO" >
    UPDATE SDSI_AUTH_LOG_INFO 
    SET
        AUTH_TOKEN_STATUS = #{auth_token_status},
        UPDATE_DT = SYSDATE
    WHERE AUTH_ID = #{auth_id}
        AND AUTH_TEL = #{auth_tel}
        AND AUTH_TOKEN = #{auth_token}
</update>

<insert id="insertDirectSms" parameterType="MobileConfirmSmsVO" >
    INSERT INTO DIRECT_SMS (
        CMP_MSG_ID, CMP_USR_ID, ODR_FG, SMS_GB, USED_CD, MSG_GB, WRT_DTTM, SND_DTTM, 
        SND_PHN_ID, RCV_PHN_ID, CALLBACK, SND_MSG, CMP_SND_DTTM, SMS_ST, RSRVD_WD, RSRVD_WD2	       
    ) VALUES ( 
        #{msg_id}, '00002', '2', '1', '00', 'A', TO_CHAR(SYSDATE, 'yyyyMMddHH24miss'), TO_CHAR(SYSDATE, 'yyyyMMddHH24miss'),
        #{user_tel}, #{mem_tel}, #{user_tel}, #{sendMsg}, TO_CHAR(SYSDATE,'yyyyMMddHH24miss'), '0', 'N', #{memberKey}
    )	    
</insert>

</mapper>