<?xml version="1.0" encoding="UTF-8"?>
<!DOCTYPE mapper PUBLIC "-//mybatis.org//DTD Mapper 3.0//EN" "http://mybatis.org/dtd/mybatis-3-mapper.dtd">
<mapper namespace="sdsi_tss.fms.mapper.NoticeMapper">

<resultMap id="noticeMap" type="sdsi_tss.fms.service.NoticeVO" >
	<result property="content" column="content" jdbcType="CLOB" javaType="java.lang.String" />
</resultMap>
<resultMap id="boardFileMap" type="sdsi_tss.fms.service.BoardFileVO" />

<!-- 뉴스 조건에 맞는 게시글의 수 -->
<select id="getNewscount" parameterType="NoticeVO" resultType="Integer">
    SELECT COUNT(*)  
    FROM WIZCMS.COMM_BOARD
    <![CDATA[WHERE START_DT <= TO_CHAR(SYSDATE, 'YYYYMMDD')]]>  
        AND END_DT >= TO_CHAR(SYSDATE, 'YYYYMMDD')
        AND TARGET_KIND = 'A'
        AND TARGET_SERVICE IN ('00', 'PG')
        <!-- AND (PAY_SERVICE LIKE '%00%' OR PAY_SERVICE LIKE '%02%') -->
        AND PAY_TYPE IN ('00', '02')
        AND DELETE_FLAG = 'N'
        <![CDATA[AND SUBJECT_EMP <> 'E']]>    	
</select>

<!-- 뉴스 조건에 맞는 게시글 -->
<select id="getNewsList" parameterType="NoticeVO" resultMap="noticeMap">
    SELECT * FROM ( 
        SELECT ROWNUM  As RNUM , A.* FROM ( 
            SELECT BOARD_ID, SUBJECT, TO_CHAR(INSERT_DT, 'YYYY-MM-DD')INSERTDT, PAY_SERVICE, ADJUST_TYPE, EMP_END, 
                PREFACE, SUBJECT_EMP, START_DT, END_DT, DECODE(CONTENT, NULL, CONTENT_CLOB, CONTENT) CONTENT
            FROM WIZCMS.COMM_BOARD
            <![CDATA[WHERE START_DT <= TO_CHAR(SYSDATE, 'YYYYMMDD')]]>  
                AND END_DT >= TO_CHAR(SYSDATE, 'YYYYMMDD')
                AND TARGET_KIND = 'A'
                AND TARGET_SERVICE IN ('00', 'PG')
                <!--  AND (PAY_SERVICE LIKE '%00%' OR PAY_SERVICE LIKE '%02%') -->
                AND PAY_TYPE IN ('00', '02')
                AND DELETE_FLAG = 'N'
                <![CDATA[AND SUBJECT_EMP <> 'E']]>
            ORDER BY INSERT_DT DESC 
            ) A
        ) 
    <![CDATA[WHERE  RNUM>#{startRow} and RNUM<=#{endRow}]]>  
</select>

<!-- 뉴스, 공지사항의 상세정보 조회수 카운트업-->	
<update  id="getNoticeUpdate" parameterType="NoticeVO">
    UPDATE COMM_BOARD
    SET 
        READ_CNT=READ_CNT+1
    WHERE BOARD_ID = ${board_id}	
</update>	
	
<!-- 뉴스, 공지사항의 상세정보 -->
<select id="getNoticeInfo" parameterType="NoticeVO" resultMap="noticeMap">
    SELECT SUBJECT, START_DT, TO_CHAR(INSERT_DT, 'YYYY-MM-DD')INSERTDT, END_DT, ATTACHFILE,
        DECODE(CONTENT, NULL, CONTENT_CLOB, CONTENT) CONTENT
    FROM WIZCMS.COMM_BOARD 
    WHERE BOARD_ID = #{board_id}		
</select>

<!-- 뉴스, 공지사항의 첨부파일 -->
<select id="getFileDownload" parameterType="NoticeVO" resultMap="boardFileMap">
    SELECT ATTACHFILE, FILE_ID, BOARD_ID
    FROM WIZCMS.COMM_BOARD_FILE
    WHERE BOARD_ID = #{board_id} AND DELETE_FLAG='N'
    ORDER BY FILE_ID
</select>

<!-- 메인창 -->
<select id="mainList" parameterType="NoticeVO" resultMap="noticeMap">
    SELECT * FROM (
        SELECT BOARD_ID, SUBJECT, TO_CHAR(INSERT_DT, 'YY. MM. DD') INSERTDT
        FROM WIZCMS.COMM_BOARD
        <![CDATA[WHERE START_DT <= TO_CHAR(SYSDATE, 'YYYYMMDD')]]>  
            AND END_DT >= TO_CHAR(SYSDATE, 'YYYYMMDD')
            AND TARGET_KIND = 'A'
            AND TARGET_SERVICE IN ('00', 'PG')
            <!--  AND (PAY_SERVICE LIKE '%00%' OR PAY_SERVICE LIKE '%02%')-->
            AND PAY_TYPE IN ('00', '02')
            AND DELETE_FLAG = 'N'
            <![CDATA[AND SUBJECT_EMP <> 'E']]>
        ORDER BY INSERT_DT DESC
    )
    <![CDATA[WHERE ROWNUM <= 3]]>
</select>

<!-- 회원의 정보를 읽어드림 -->
<select id="userInfo" parameterType="NoticeVO" resultMap="noticeMap">
    SELECT CM.SERVICE_CD, CA.CHARGE_TYPE
    FROM WIZCMS.CUST_MAIN CM, WIZCMS.NHCMS_CUST CA
    WHERE CM.NH_CUST_NO = CA.NH_CUST_NO
        AND CM.CUST_ID = #{userId}
</select>

<!-- 공지사항 조건에 맞는 게시글의 수(CUST) -->
<select id="getNoticecount" parameterType="NoticeVO" resultType="Integer">
    SELECT COUNT(*)	
    FROM WIZCMS.COMM_BOARD
    <![CDATA[WHERE START_DT <= TO_CHAR(SYSDATE, 'YYYYMMDD')]]>  
        AND END_DT >= TO_CHAR(SYSDATE, 'YYYYMMDD')			   
        AND (TARGET_KIND = 'I' AND TARGET_ID LIKE '%' || #{userId } || '%')
        OR  (TARGET_KIND = 'E' AND TARGET_ID NOT LIKE '%' || #{userId } || '%')
        AND TARGET_SERVICE IN ('00','PG', #{service_cd })
        AND PAY_TYPE IN ('00', '02')
        <!--  
        AND (TARGET_SERVICE LIKE '%00%' OR TARGET_SERVICE LIKE '%' || #{service_cd } || '%') 
        AND (PAY_SERVICE LIKE '%00%' OR PAY_SERVICE LIKE '%02%') 
        -->
        AND DELETE_FLAG = 'N'		
    <if test='charge_type == "B"'>
        AND (ADJUST_TYPE = NULL OR ADJUST_TYPE LIKE '%00%' OR ADJUST_TYPE LIKE '%01%')   
    </if>	
    <if test='charge_type == "A"'>
        AND (ADJUST_TYPE = NULL OR ADJUST_TYPE LIKE '%00%' OR ADJUST_TYPE LIKE '%02%')
    </if>
</select>

<!-- 공지사항 조건에 맞는 게시글(CUST) -->
<select id="getNoticeList" parameterType="NoticeVO" resultMap="noticeMap">
    SELECT * FROM (
        SELECT ROWNUM  As RNUM , A.* FROM ( 
            SELECT BOARD_ID, SUBJECT, TO_CHAR(INSERT_DT, 'YYYY-MM-DD')INSERTDT, PAY_SERVICE, ADJUST_TYPE, EMP_END, 
                PREFACE, SUBJECT_EMP, START_DT, END_DT, DECODE(CONTENT, NULL, CONTENT_CLOB, CONTENT) CONTENT
            FROM WIZCMS.COMM_BOARD
            <![CDATA[WHERE START_DT <= TO_CHAR(SYSDATE, 'YYYYMMDD')]]>  
                AND END_DT >= TO_CHAR(SYSDATE, 'YYYYMMDD')		
                AND (TARGET_KIND = 'I' AND TARGET_ID LIKE '%' || #{userId } || '%')
                OR  (TARGET_KIND = 'E' AND TARGET_ID NOT LIKE '%' || #{userId } || '%')
                <!-- 
                AND (TARGET_SERVICE LIKE '%00%' OR TARGET_SERVICE LIKE '%' || #{service_cd } || '%') 
                AND (PAY_SERVICE LIKE '%00%' OR PAY_SERVICE LIKE '%02%') 
                -->
                AND TARGET_SERVICE IN ('00','PG', #{service_cd })
                AND PAY_TYPE IN ('00', '02') 
                AND DELETE_FLAG = 'N'
            <if test='charge_type == "B"'>
                AND (ADJUST_TYPE = NULL OR ADJUST_TYPE LIKE '%00%' OR ADJUST_TYPE LIKE '%01%')   
            </if>	
            <if test='charge_type == "A"'>
                AND (ADJUST_TYPE = NULL OR ADJUST_TYPE LIKE '%00%' OR ADJUST_TYPE LIKE '%02%')
            </if>
            ORDER BY INSERT_DT DESC 
        ) A
    ) 
    <![CDATA[WHERE  RNUM > #{startRow} AND RNUM <= #{endRow}]]>  
</select> 
 	 
<!-- 공지사항 조건에 맞는 게시글의 수(VAN) -->
<select id="getNoticeVancount" parameterType="NoticeVO" resultType="Integer">
    SELECT COUNT(*)	
    FROM WIZCMS.COMM_BOARD
    <![CDATA[WHERE START_DT <= TO_CHAR(SYSDATE, 'YYYYMMDD')]]>  
        AND END_DT >= TO_CHAR(SYSDATE, 'YYYYMMDD')
        <!--  AND TARGET_SERVICE0= '00' AND (PAY_TYPE LIKE '%00%' OR PAY_TYPE LIKE '%02%') -->
        AND TARGET_SERVICE IN ('00','PG')
        AND PAY_TYPE IN ('00', '02')
        AND DELETE_FLAG = 'N'
        AND TARGET_KIND = 'A'
 </select>	 	 
 	 
 <!-- 공지사항 조건에 맞는 게시글(VAN) -->
<select id="getNoticeVanList" parameterType="NoticeVO" resultMap="noticeMap">
    SELECT * FROM ( 
        SELECT ROWNUM  As RNUM , A.* FROM (
            SELECT BOARD_ID, SUBJECT, TO_CHAR(INSERT_DT, 'YYYY-MM-DD')INSERTDT, PAY_SERVICE, ADJUST_TYPE, EMP_END, 
                PREFACE, SUBJECT_EMP, START_DT, END_DT, DECODE(CONTENT, NULL, CONTENT_CLOB, CONTENT) CONTENT
            FROM WIZCMS.COMM_BOARD
            <![CDATA[WHERE START_DT <= TO_CHAR(SYSDATE, 'YYYYMMDD')]]>  
                AND END_DT >= TO_CHAR(SYSDATE, 'YYYYMMDD')
                <!-- AND TARGET_SERVICE = '00' AND (PAY_TYPE LIKE '%00%' OR PAY_TYPE LIKE '%02%') -->
                AND TARGET_SERVICE IN ('00','PG')
                AND PAY_TYPE IN ('00', '02')
                AND DELETE_FLAG = 'N'
                AND TARGET_KIND = 'A'			   
            ORDER BY INSERT_DT DESC 
        ) A
    ) 
    <![CDATA[WHERE  RNUM>#{startRow} and RNUM<=#{endRow}]]>  
 </select>
	 
</mapper>