<?xml version="1.0" encoding="UTF-8"?>
<beans xmlns="http://www.springframework.org/schema/beans" xmlns:xsi="http://www.w3.org/2001/XMLSchema-instance"
	xmlns:mvc="http://www.springframework.org/schema/mvc" xmlns:context="http://www.springframework.org/schema/context"
	xmlns:util="http://www.springframework.org/schema/util"
	xsi:schemaLocation="http://www.springframework.org/schema/mvc http://www.springframework.org/schema/mvc/spring-mvc.xsd
		http://www.springframework.org/schema/beans http://www.springframework.org/schema/beans/spring-beans.xsd
		http://www.springframework.org/schema/context http://www.springframework.org/schema/context/spring-context.xsd
		http://www.springframework.org/schema/util http://www.springframework.org/schema/util/spring-util-3.2.xsd">

    <!-- Uncomment and your base-package here:-->
    <context:component-scan base-package="sdsi_tss.fms">
        <context:include-filter type="annotation" expression="org.springframework.stereotype.Controller"/>
        <context:exclude-filter type="annotation" expression="org.springframework.stereotype.Service"/>
        <context:exclude-filter type="annotation" expression="org.springframework.stereotype.Repository"/>
     </context:component-scan>
	
	<!-- For Pagination Tag -->
	<bean class="sdsi_tss.fms.cmmn.ImagePaginationRenderer" id="imageRenderer"/>

	<bean class="sdsi_tss.fms.cmmn.ui.pagination.DefaultPaginationManager" id="paginationManager">
		<property name="rendererType">
			<map>
				<entry key="image" value-ref="imageRenderer" />
			</map>
		</property>
	</bean>
	<mvc:resources mapping="/resources/**" location="/resources/" />

	<mvc:default-servlet-handler/>
	<mvc:annotation-driven/>
	
	<bean id="beanNameViewResolver" class="org.springframework.web.servlet.view.BeanNameViewResolver">
		<property name="order" value="0" />
	</bean>
	
	<bean id="jsonView" class="org.springframework.web.servlet.view.json.MappingJacksonJsonView">
		<property name="contentType" value="application/json;charset=UTF-8"></property>
	</bean>
	
	<bean class="org.springframework.web.servlet.view.InternalResourceViewResolver">
        <!-- Example: a logical view name of 'showMessage' is mapped to '/WEB-INF/jsp/showMessage.jsp' -->
        <property name="order" value="1" />
        <property name="prefix" value="/WEB-INF/view/jsp"/>
        <property name="suffix" value=".jsp"/>
	</bean>
	
	<mvc:view-controller path="/" view-name="index" />  

<!-- 	<bean id="jsonConverter" class="org.springframework.http.converter.json.MappingJacksonHttpMessageConverter"></bean> -->
<!-- 	<bean class="org.springframework.web.servlet.mvc.annotation.AnnotationMethodHandlerAdapter"> -->
<!--         <property name="messageConverters"> -->
<!-- 			<list><ref bean="jsonConverter"/></list> -->
<!-- 	    </property> -->
<!-- 	</bean> -->
	
</beans>